POC	Control Active	SP	PV	GOP PV	AVG PV	PID	EST			e	Se	de
5	1	-1	2.20588	0.551471	2.20588	-7.41177	0.441177			-3.20588	-3.20588	-3.20588
6	1	-1	0.262158	0.61701	1.23402	-3.52432	0.687981			-1.26216	-4.46804	1.94373
7	1	-1	0.287012	0.688763	0.918351	-6.77991	0.871651			-1.28701	-5.75505	-0.024854
